<?xml version="1.0" encoding="UTF-8"?>
<manifest identifier="VISH_PRESENTATION_GROUP_Category-309" version="1.3" xmlns="http://www.imsglobal.org/xsd/imscp_v1p1" xmlns:adlcp="http://www.adlnet.org/xsd/adlcp_v1p3" xmlns:adlseq="http://www.adlnet.org/xsd/adlseq_v1p3" xmlns:adlnav="http://www.adlnet.org/xsd/adlnav_v1p3" xmlns:imsss="http://www.imsglobal.org/xsd/imsss" xmlns:xsi="http://www.w3.org/2001/XMLSchema-instance" xsi:schemaLocation="http://www.imsglobal.org/xsd/imscp_v1p1 imscp_v1p1.xsd http://www.adlnet.org/xsd/adlcp_v1p3 adlcp_v1p3.xsd http://www.adlnet.org/xsd/adlseq_v1p3 adlseq_v1p3.xsd http://www.adlnet.org/xsd/adlnav_v1p3 adlnav_v1p3.xsd http://www.imsglobal.org/xsd/imsss imsss_v1p0.xsd">
  <metadata>
    <schema>ADL SCORM</schema>
    <schemaversion>2004 4th Edition</schemaversion>
  </metadata>
  <organizations default="defaultOrganization">
    <organization identifier="defaultOrganization">
      <title>Partes de una planta</title>
      <item identifier="PRESENTATION_GROUP_3205" identifierref="PRESENTATION_GROUP_3205_RESOURCE">
        <title>Partes de una planta 01</title>
      </item>
      <item identifier="PRESENTATION_GROUP_3211" identifierref="PRESENTATION_GROUP_3211_RESOURCE">
        <title>Partes de una planta 02</title>
      </item>
      <item identifier="PRESENTATION_GROUP_3212" identifierref="PRESENTATION_GROUP_3212_RESOURCE">
        <title>Partes de una planta 03</title>
      </item>
      <item identifier="PRESENTATION_GROUP_3213" identifierref="PRESENTATION_GROUP_3213_RESOURCE">
        <title>Partes de una planta 04</title>
      </item>
      <item identifier="PRESENTATION_GROUP_3214" identifierref="PRESENTATION_GROUP_3214_RESOURCE">
        <title>Partes de una planta 05</title>
      </item>
      <item identifier="PRESENTATION_GROUP_3215" identifierref="PRESENTATION_GROUP_3215_RESOURCE">
        <title>Partes de una planta 06</title>
      </item>
      <item identifier="PRESENTATION_GROUP_3216" identifierref="PRESENTATION_GROUP_3216_RESOURCE">
        <title>Partes de una planta 07</title>
      </item>
      <item identifier="PRESENTATION_GROUP_3217" identifierref="PRESENTATION_GROUP_3217_RESOURCE">
        <title>Partes de una planta 08</title>
      </item>
      <item identifier="PRESENTATION_GROUP_3218" identifierref="PRESENTATION_GROUP_3218_RESOURCE">
        <title>Partes de una planta 09</title>
      </item>
      <item identifier="PRESENTATION_GROUP_3219" identifierref="PRESENTATION_GROUP_3219_RESOURCE">
        <title>Partes de una planta 10</title>
      </item>
    </organization>
  </organizations>
  <resources>
    <resource identifier="PRESENTATION_GROUP_3205_RESOURCE" type="webcontent" href="excursion-3205.html" adlcp:scormType="sco">
      <file href="excursion-3205.html"/>
    </resource>
    <resource identifier="PRESENTATION_GROUP_3211_RESOURCE" type="webcontent" href="excursion-3211.html" adlcp:scormType="sco">
      <file href="excursion-3211.html"/>
    </resource>
    <resource identifier="PRESENTATION_GROUP_3212_RESOURCE" type="webcontent" href="excursion-3212.html" adlcp:scormType="sco">
      <file href="excursion-3212.html"/>
    </resource>
    <resource identifier="PRESENTATION_GROUP_3213_RESOURCE" type="webcontent" href="excursion-3213.html" adlcp:scormType="sco">
      <file href="excursion-3213.html"/>
    </resource>
    <resource identifier="PRESENTATION_GROUP_3214_RESOURCE" type="webcontent" href="excursion-3214.html" adlcp:scormType="sco">
      <file href="excursion-3214.html"/>
    </resource>
    <resource identifier="PRESENTATION_GROUP_3215_RESOURCE" type="webcontent" href="excursion-3215.html" adlcp:scormType="sco">
      <file href="excursion-3215.html"/>
    </resource>
    <resource identifier="PRESENTATION_GROUP_3216_RESOURCE" type="webcontent" href="excursion-3216.html" adlcp:scormType="sco">
      <file href="excursion-3216.html"/>
    </resource>
    <resource identifier="PRESENTATION_GROUP_3217_RESOURCE" type="webcontent" href="excursion-3217.html" adlcp:scormType="sco">
      <file href="excursion-3217.html"/>
    </resource>
    <resource identifier="PRESENTATION_GROUP_3218_RESOURCE" type="webcontent" href="excursion-3218.html" adlcp:scormType="sco">
      <file href="excursion-3218.html"/>
    </resource>
    <resource identifier="PRESENTATION_GROUP_3219_RESOURCE" type="webcontent" href="excursion-3219.html" adlcp:scormType="sco">
      <file href="excursion-3219.html"/>
    </resource>
  </resources>
</manifest>
