<?xml version="1.0" encoding="UTF-8"?>
<manifest identifier="VISH_PRESENTATION_GROUP_Category-293" version="1.3" xmlns="http://www.imsglobal.org/xsd/imscp_v1p1" xmlns:adlcp="http://www.adlnet.org/xsd/adlcp_v1p3" xmlns:adlseq="http://www.adlnet.org/xsd/adlseq_v1p3" xmlns:adlnav="http://www.adlnet.org/xsd/adlnav_v1p3" xmlns:imsss="http://www.imsglobal.org/xsd/imsss" xmlns:xsi="http://www.w3.org/2001/XMLSchema-instance" xsi:schemaLocation="http://www.imsglobal.org/xsd/imscp_v1p1 imscp_v1p1.xsd http://www.adlnet.org/xsd/adlcp_v1p3 adlcp_v1p3.xsd http://www.adlnet.org/xsd/adlseq_v1p3 adlseq_v1p3.xsd http://www.adlnet.org/xsd/adlnav_v1p3 adlnav_v1p3.xsd http://www.imsglobal.org/xsd/imsss imsss_v1p0.xsd">
  <metadata>
    <schema>ADL SCORM</schema>
    <schemaversion>2004 4th Edition</schemaversion>
  </metadata>
  <organizations default="defaultOrganization">
    <organization identifier="defaultOrganization">
      <title>Partes de la planta</title>
      <item identifier="PRESENTATION_GROUP_3172" identifierref="PRESENTATION_GROUP_3172_RESOURCE">
        <title>Partes de una planta 10</title>
      </item>
      <item identifier="PRESENTATION_GROUP_3171" identifierref="PRESENTATION_GROUP_3171_RESOURCE">
        <title>Partes de una planta 09</title>
      </item>
      <item identifier="PRESENTATION_GROUP_3170" identifierref="PRESENTATION_GROUP_3170_RESOURCE">
        <title>Partes de una planta 08</title>
      </item>
      <item identifier="PRESENTATION_GROUP_3169" identifierref="PRESENTATION_GROUP_3169_RESOURCE">
        <title>Partes de una planta 07</title>
      </item>
      <item identifier="PRESENTATION_GROUP_3168" identifierref="PRESENTATION_GROUP_3168_RESOURCE">
        <title>Partes de una planta 06</title>
      </item>
      <item identifier="PRESENTATION_GROUP_3167" identifierref="PRESENTATION_GROUP_3167_RESOURCE">
        <title>Partes de una planta 05</title>
      </item>
      <item identifier="PRESENTATION_GROUP_3166" identifierref="PRESENTATION_GROUP_3166_RESOURCE">
        <title>Partes de una planta 04</title>
      </item>
      <item identifier="PRESENTATION_GROUP_3165" identifierref="PRESENTATION_GROUP_3165_RESOURCE">
        <title>Partes de una planta 03</title>
      </item>
      <item identifier="PRESENTATION_GROUP_3164" identifierref="PRESENTATION_GROUP_3164_RESOURCE">
        <title>Partes de una planta 02</title>
      </item>
      <item identifier="PRESENTATION_GROUP_3100" identifierref="PRESENTATION_GROUP_3100_RESOURCE">
        <title>Partes de una planta 01</title>
      </item>
    </organization>
  </organizations>
  <resources>
    <resource identifier="PRESENTATION_GROUP_3172_RESOURCE" type="webcontent" href="excursion-3172.html" adlcp:scormType="sco">
      <file href="excursion-3172.html"/>
    </resource>
    <resource identifier="PRESENTATION_GROUP_3171_RESOURCE" type="webcontent" href="excursion-3171.html" adlcp:scormType="sco">
      <file href="excursion-3171.html"/>
    </resource>
    <resource identifier="PRESENTATION_GROUP_3170_RESOURCE" type="webcontent" href="excursion-3170.html" adlcp:scormType="sco">
      <file href="excursion-3170.html"/>
    </resource>
    <resource identifier="PRESENTATION_GROUP_3169_RESOURCE" type="webcontent" href="excursion-3169.html" adlcp:scormType="sco">
      <file href="excursion-3169.html"/>
    </resource>
    <resource identifier="PRESENTATION_GROUP_3168_RESOURCE" type="webcontent" href="excursion-3168.html" adlcp:scormType="sco">
      <file href="excursion-3168.html"/>
    </resource>
    <resource identifier="PRESENTATION_GROUP_3167_RESOURCE" type="webcontent" href="excursion-3167.html" adlcp:scormType="sco">
      <file href="excursion-3167.html"/>
    </resource>
    <resource identifier="PRESENTATION_GROUP_3166_RESOURCE" type="webcontent" href="excursion-3166.html" adlcp:scormType="sco">
      <file href="excursion-3166.html"/>
    </resource>
    <resource identifier="PRESENTATION_GROUP_3165_RESOURCE" type="webcontent" href="excursion-3165.html" adlcp:scormType="sco">
      <file href="excursion-3165.html"/>
    </resource>
    <resource identifier="PRESENTATION_GROUP_3164_RESOURCE" type="webcontent" href="excursion-3164.html" adlcp:scormType="sco">
      <file href="excursion-3164.html"/>
    </resource>
    <resource identifier="PRESENTATION_GROUP_3100_RESOURCE" type="webcontent" href="excursion-3100.html" adlcp:scormType="sco">
      <file href="excursion-3100.html"/>
    </resource>
  </resources>
</manifest>
