<?xml version="1.0" encoding="UTF-8"?>
<manifest identifier="VISH_PRESENTATION_GROUP_Category-291" version="1.3" xmlns="http://www.imsglobal.org/xsd/imscp_v1p1" xmlns:adlcp="http://www.adlnet.org/xsd/adlcp_v1p3" xmlns:adlseq="http://www.adlnet.org/xsd/adlseq_v1p3" xmlns:adlnav="http://www.adlnet.org/xsd/adlnav_v1p3" xmlns:imsss="http://www.imsglobal.org/xsd/imsss" xmlns:xsi="http://www.w3.org/2001/XMLSchema-instance" xsi:schemaLocation="http://www.imsglobal.org/xsd/imscp_v1p1 imscp_v1p1.xsd http://www.adlnet.org/xsd/adlcp_v1p3 adlcp_v1p3.xsd http://www.adlnet.org/xsd/adlseq_v1p3 adlseq_v1p3.xsd http://www.adlnet.org/xsd/adlnav_v1p3 adlnav_v1p3.xsd http://www.imsglobal.org/xsd/imsss imsss_v1p0.xsd">
  <metadata>
    <schema>ADL SCORM</schema>
    <schemaversion>2004 4th Edition</schemaversion>
  </metadata>
  <organizations default="defaultOrganization">
    <organization identifier="defaultOrganization">
      <title>Tabla Periodica</title>
      <item identifier="PRESENTATION_GROUP_3129" identifierref="PRESENTATION_GROUP_3129_RESOURCE">
        <title>Tabla Periódica de los Elementos - 1</title>
      </item>
      <item identifier="PRESENTATION_GROUP_3130" identifierref="PRESENTATION_GROUP_3130_RESOURCE">
        <title>Tabla Periódica de los Elementos - 2</title>
      </item>
      <item identifier="PRESENTATION_GROUP_3131" identifierref="PRESENTATION_GROUP_3131_RESOURCE">
        <title>Tabla Periódica de los Elementos - 3</title>
      </item>
      <item identifier="PRESENTATION_GROUP_3132" identifierref="PRESENTATION_GROUP_3132_RESOURCE">
        <title>Tabla Periódica de los Elementos - 4</title>
      </item>
      <item identifier="PRESENTATION_GROUP_3133" identifierref="PRESENTATION_GROUP_3133_RESOURCE">
        <title>Tabla Periódica de los Elementos - 5</title>
      </item>
      <item identifier="PRESENTATION_GROUP_3134" identifierref="PRESENTATION_GROUP_3134_RESOURCE">
        <title>Tabla Periódica de los Elementos - 6</title>
      </item>
      <item identifier="PRESENTATION_GROUP_3135" identifierref="PRESENTATION_GROUP_3135_RESOURCE">
        <title>Tabla Periódica de los Elementos - 7</title>
      </item>
      <item identifier="PRESENTATION_GROUP_3136" identifierref="PRESENTATION_GROUP_3136_RESOURCE">
        <title>Tabla Periódica de los Elementos - 8</title>
      </item>
      <item identifier="PRESENTATION_GROUP_3137" identifierref="PRESENTATION_GROUP_3137_RESOURCE">
        <title>Tabla Periódica de los Elementos - 9</title>
      </item>
      <item identifier="PRESENTATION_GROUP_3144" identifierref="PRESENTATION_GROUP_3144_RESOURCE">
        <title>Tabla Periódica de los Elementos - 16</title>
      </item>
      <item identifier="PRESENTATION_GROUP_3143" identifierref="PRESENTATION_GROUP_3143_RESOURCE">
        <title>Tabla Periódica de los Elementos - 15</title>
      </item>
      <item identifier="PRESENTATION_GROUP_3139" identifierref="PRESENTATION_GROUP_3139_RESOURCE">
        <title>Tabla Periódica de los Elementos - 14</title>
      </item>
      <item identifier="PRESENTATION_GROUP_3142" identifierref="PRESENTATION_GROUP_3142_RESOURCE">
        <title>Tabla Periódica de los Elementos - 13</title>
      </item>
      <item identifier="PRESENTATION_GROUP_3141" identifierref="PRESENTATION_GROUP_3141_RESOURCE">
        <title>Tabla Periódica de los Elementos - 12</title>
      </item>
      <item identifier="PRESENTATION_GROUP_3140" identifierref="PRESENTATION_GROUP_3140_RESOURCE">
        <title>Tabla Periódica de los Elementos - 11</title>
      </item>
      <item identifier="PRESENTATION_GROUP_3145" identifierref="PRESENTATION_GROUP_3145_RESOURCE">
        <title>Tabla Periódica de los Elementos - 17</title>
      </item>
      <item identifier="PRESENTATION_GROUP_3138" identifierref="PRESENTATION_GROUP_3138_RESOURCE">
        <title>Tabla Periódica de los Elementos - 10</title>
      </item>
      <item identifier="PRESENTATION_GROUP_3147" identifierref="PRESENTATION_GROUP_3147_RESOURCE">
        <title>Tabla Periódica de los Elementos - 20</title>
      </item>
      <item identifier="PRESENTATION_GROUP_3146" identifierref="PRESENTATION_GROUP_3146_RESOURCE">
        <title>Tabla Periódica de los Elementos - 19</title>
      </item>
      <item identifier="PRESENTATION_GROUP_3148" identifierref="PRESENTATION_GROUP_3148_RESOURCE">
        <title>Tabla Periódica de los Elementos - 18</title>
      </item>
    </organization>
  </organizations>
  <resources>
    <resource identifier="PRESENTATION_GROUP_3129_RESOURCE" type="webcontent" href="excursion-3129.html" adlcp:scormType="sco">
      <file href="excursion-3129.html"/>
    </resource>
    <resource identifier="PRESENTATION_GROUP_3130_RESOURCE" type="webcontent" href="excursion-3130.html" adlcp:scormType="sco">
      <file href="excursion-3130.html"/>
    </resource>
    <resource identifier="PRESENTATION_GROUP_3131_RESOURCE" type="webcontent" href="excursion-3131.html" adlcp:scormType="sco">
      <file href="excursion-3131.html"/>
    </resource>
    <resource identifier="PRESENTATION_GROUP_3132_RESOURCE" type="webcontent" href="excursion-3132.html" adlcp:scormType="sco">
      <file href="excursion-3132.html"/>
    </resource>
    <resource identifier="PRESENTATION_GROUP_3133_RESOURCE" type="webcontent" href="excursion-3133.html" adlcp:scormType="sco">
      <file href="excursion-3133.html"/>
    </resource>
    <resource identifier="PRESENTATION_GROUP_3134_RESOURCE" type="webcontent" href="excursion-3134.html" adlcp:scormType="sco">
      <file href="excursion-3134.html"/>
    </resource>
    <resource identifier="PRESENTATION_GROUP_3135_RESOURCE" type="webcontent" href="excursion-3135.html" adlcp:scormType="sco">
      <file href="excursion-3135.html"/>
    </resource>
    <resource identifier="PRESENTATION_GROUP_3136_RESOURCE" type="webcontent" href="excursion-3136.html" adlcp:scormType="sco">
      <file href="excursion-3136.html"/>
    </resource>
    <resource identifier="PRESENTATION_GROUP_3137_RESOURCE" type="webcontent" href="excursion-3137.html" adlcp:scormType="sco">
      <file href="excursion-3137.html"/>
    </resource>
    <resource identifier="PRESENTATION_GROUP_3144_RESOURCE" type="webcontent" href="excursion-3144.html" adlcp:scormType="sco">
      <file href="excursion-3144.html"/>
    </resource>
    <resource identifier="PRESENTATION_GROUP_3143_RESOURCE" type="webcontent" href="excursion-3143.html" adlcp:scormType="sco">
      <file href="excursion-3143.html"/>
    </resource>
    <resource identifier="PRESENTATION_GROUP_3139_RESOURCE" type="webcontent" href="excursion-3139.html" adlcp:scormType="sco">
      <file href="excursion-3139.html"/>
    </resource>
    <resource identifier="PRESENTATION_GROUP_3142_RESOURCE" type="webcontent" href="excursion-3142.html" adlcp:scormType="sco">
      <file href="excursion-3142.html"/>
    </resource>
    <resource identifier="PRESENTATION_GROUP_3141_RESOURCE" type="webcontent" href="excursion-3141.html" adlcp:scormType="sco">
      <file href="excursion-3141.html"/>
    </resource>
    <resource identifier="PRESENTATION_GROUP_3140_RESOURCE" type="webcontent" href="excursion-3140.html" adlcp:scormType="sco">
      <file href="excursion-3140.html"/>
    </resource>
    <resource identifier="PRESENTATION_GROUP_3145_RESOURCE" type="webcontent" href="excursion-3145.html" adlcp:scormType="sco">
      <file href="excursion-3145.html"/>
    </resource>
    <resource identifier="PRESENTATION_GROUP_3138_RESOURCE" type="webcontent" href="excursion-3138.html" adlcp:scormType="sco">
      <file href="excursion-3138.html"/>
    </resource>
    <resource identifier="PRESENTATION_GROUP_3147_RESOURCE" type="webcontent" href="excursion-3147.html" adlcp:scormType="sco">
      <file href="excursion-3147.html"/>
    </resource>
    <resource identifier="PRESENTATION_GROUP_3146_RESOURCE" type="webcontent" href="excursion-3146.html" adlcp:scormType="sco">
      <file href="excursion-3146.html"/>
    </resource>
    <resource identifier="PRESENTATION_GROUP_3148_RESOURCE" type="webcontent" href="excursion-3148.html" adlcp:scormType="sco">
      <file href="excursion-3148.html"/>
    </resource>
  </resources>
</manifest>
