<?xml version="1.0" encoding="UTF-8"?>
<manifest identifier="VISH_PRESENTATION_GROUP_Category-334" version="1.3" xmlns="http://www.imsglobal.org/xsd/imscp_v1p1" xmlns:adlcp="http://www.adlnet.org/xsd/adlcp_v1p3" xmlns:adlseq="http://www.adlnet.org/xsd/adlseq_v1p3" xmlns:adlnav="http://www.adlnet.org/xsd/adlnav_v1p3" xmlns:imsss="http://www.imsglobal.org/xsd/imsss" xmlns:xsi="http://www.w3.org/2001/XMLSchema-instance" xsi:schemaLocation="http://www.imsglobal.org/xsd/imscp_v1p1 imscp_v1p1.xsd http://www.adlnet.org/xsd/adlcp_v1p3 adlcp_v1p3.xsd http://www.adlnet.org/xsd/adlseq_v1p3 adlseq_v1p3.xsd http://www.adlnet.org/xsd/adlnav_v1p3 adlnav_v1p3.xsd http://www.imsglobal.org/xsd/imsss imsss_v1p0.xsd">
  <metadata>
    <schema>ADL SCORM</schema>
    <schemaversion>2004 4th Edition</schemaversion>
  </metadata>
  <organizations default="defaultOrganization">
    <organization identifier="defaultOrganization">
      <title>Violencia de género</title>
      <item identifier="PRESENTATION_GROUP_3605" identifierref="PRESENTATION_GROUP_3605_RESOURCE">
        <title>Violencia de género 05</title>
      </item>
      <item identifier="PRESENTATION_GROUP_3607" identifierref="PRESENTATION_GROUP_3607_RESOURCE">
        <title>Violencia de género 06</title>
      </item>
      <item identifier="PRESENTATION_GROUP_3608" identifierref="PRESENTATION_GROUP_3608_RESOURCE">
        <title>Violencia de género 07</title>
      </item>
      <item identifier="PRESENTATION_GROUP_3609" identifierref="PRESENTATION_GROUP_3609_RESOURCE">
        <title>Violencia de género 08</title>
      </item>
      <item identifier="PRESENTATION_GROUP_3611" identifierref="PRESENTATION_GROUP_3611_RESOURCE">
        <title>Violencia de género 03</title>
      </item>
      <item identifier="PRESENTATION_GROUP_3610" identifierref="PRESENTATION_GROUP_3610_RESOURCE">
        <title>Violencia de género 01</title>
      </item>
      <item identifier="PRESENTATION_GROUP_3613" identifierref="PRESENTATION_GROUP_3613_RESOURCE">
        <title>Violencia de género 02</title>
      </item>
      <item identifier="PRESENTATION_GROUP_3612" identifierref="PRESENTATION_GROUP_3612_RESOURCE">
        <title>Violencia de género 04</title>
      </item>
      <item identifier="PRESENTATION_GROUP_3615" identifierref="PRESENTATION_GROUP_3615_RESOURCE">
        <title>Violencia de género 09</title>
      </item>
      <item identifier="PRESENTATION_GROUP_3614" identifierref="PRESENTATION_GROUP_3614_RESOURCE">
        <title>Violencia de género 10</title>
      </item>
    </organization>
  </organizations>
  <resources>
    <resource identifier="PRESENTATION_GROUP_3605_RESOURCE" type="webcontent" href="excursion-3605.html" adlcp:scormType="sco">
      <file href="excursion-3605.html"/>
    </resource>
    <resource identifier="PRESENTATION_GROUP_3607_RESOURCE" type="webcontent" href="excursion-3607.html" adlcp:scormType="sco">
      <file href="excursion-3607.html"/>
    </resource>
    <resource identifier="PRESENTATION_GROUP_3608_RESOURCE" type="webcontent" href="excursion-3608.html" adlcp:scormType="sco">
      <file href="excursion-3608.html"/>
    </resource>
    <resource identifier="PRESENTATION_GROUP_3609_RESOURCE" type="webcontent" href="excursion-3609.html" adlcp:scormType="sco">
      <file href="excursion-3609.html"/>
    </resource>
    <resource identifier="PRESENTATION_GROUP_3611_RESOURCE" type="webcontent" href="excursion-3611.html" adlcp:scormType="sco">
      <file href="excursion-3611.html"/>
    </resource>
    <resource identifier="PRESENTATION_GROUP_3610_RESOURCE" type="webcontent" href="excursion-3610.html" adlcp:scormType="sco">
      <file href="excursion-3610.html"/>
    </resource>
    <resource identifier="PRESENTATION_GROUP_3613_RESOURCE" type="webcontent" href="excursion-3613.html" adlcp:scormType="sco">
      <file href="excursion-3613.html"/>
    </resource>
    <resource identifier="PRESENTATION_GROUP_3612_RESOURCE" type="webcontent" href="excursion-3612.html" adlcp:scormType="sco">
      <file href="excursion-3612.html"/>
    </resource>
    <resource identifier="PRESENTATION_GROUP_3615_RESOURCE" type="webcontent" href="excursion-3615.html" adlcp:scormType="sco">
      <file href="excursion-3615.html"/>
    </resource>
    <resource identifier="PRESENTATION_GROUP_3614_RESOURCE" type="webcontent" href="excursion-3614.html" adlcp:scormType="sco">
      <file href="excursion-3614.html"/>
    </resource>
  </resources>
</manifest>
