<?xml version="1.0" encoding="UTF-8"?>
<manifest identifier="VISH_PRESENTATION_GROUP_Category-312" version="1.3" xmlns="http://www.imsglobal.org/xsd/imscp_v1p1" xmlns:adlcp="http://www.adlnet.org/xsd/adlcp_v1p3" xmlns:adlseq="http://www.adlnet.org/xsd/adlseq_v1p3" xmlns:adlnav="http://www.adlnet.org/xsd/adlnav_v1p3" xmlns:imsss="http://www.imsglobal.org/xsd/imsss" xmlns:xsi="http://www.w3.org/2001/XMLSchema-instance" xsi:schemaLocation="http://www.imsglobal.org/xsd/imscp_v1p1 imscp_v1p1.xsd http://www.adlnet.org/xsd/adlcp_v1p3 adlcp_v1p3.xsd http://www.adlnet.org/xsd/adlseq_v1p3 adlseq_v1p3.xsd http://www.adlnet.org/xsd/adlnav_v1p3 adlnav_v1p3.xsd http://www.imsglobal.org/xsd/imsss imsss_v1p0.xsd">
  <metadata>
    <schema>ADL SCORM</schema>
    <schemaversion>2004 4th Edition</schemaversion>
  </metadata>
  <organizations default="defaultOrganization">
    <organization identifier="defaultOrganization">
      <title>English I</title>
      <item identifier="PRESENTATION_GROUP_3244" identifierref="PRESENTATION_GROUP_3244_RESOURCE">
        <title>English 1 - Parts of the head</title>
      </item>
      <item identifier="PRESENTATION_GROUP_3240" identifierref="PRESENTATION_GROUP_3240_RESOURCE">
        <title>English 1 - Colours 01</title>
      </item>
      <item identifier="PRESENTATION_GROUP_3242" identifierref="PRESENTATION_GROUP_3242_RESOURCE">
        <title>English 1 - Colours 03</title>
      </item>
      <item identifier="PRESENTATION_GROUP_3243" identifierref="PRESENTATION_GROUP_3243_RESOURCE">
        <title>English 1 - Colours 04</title>
      </item>
      <item identifier="PRESENTATION_GROUP_3241" identifierref="PRESENTATION_GROUP_3241_RESOURCE">
        <title>English 1 - Colours 02</title>
      </item>
      <item identifier="PRESENTATION_GROUP_3245" identifierref="PRESENTATION_GROUP_3245_RESOURCE">
        <title>English 01 - Days of the week 01</title>
      </item>
      <item identifier="PRESENTATION_GROUP_3246" identifierref="PRESENTATION_GROUP_3246_RESOURCE">
        <title>English 01 - Days of the week 02</title>
      </item>
      <item identifier="PRESENTATION_GROUP_3247" identifierref="PRESENTATION_GROUP_3247_RESOURCE">
        <title>English 01 - Days of the week 03</title>
      </item>
      <item identifier="PRESENTATION_GROUP_3228" identifierref="PRESENTATION_GROUP_3228_RESOURCE">
        <title>English I - Animals 01</title>
      </item>
      <item identifier="PRESENTATION_GROUP_3229" identifierref="PRESENTATION_GROUP_3229_RESOURCE">
        <title>English I - Animals 02</title>
      </item>
      <item identifier="PRESENTATION_GROUP_3230" identifierref="PRESENTATION_GROUP_3230_RESOURCE">
        <title>English I - Animals 03</title>
      </item>
      <item identifier="PRESENTATION_GROUP_3232" identifierref="PRESENTATION_GROUP_3232_RESOURCE">
        <title>English I - Animals 05</title>
      </item>
      <item identifier="PRESENTATION_GROUP_3233" identifierref="PRESENTATION_GROUP_3233_RESOURCE">
        <title>English I - Animals 06</title>
      </item>
      <item identifier="PRESENTATION_GROUP_3234" identifierref="PRESENTATION_GROUP_3234_RESOURCE">
        <title>English I - Animals 07</title>
      </item>
      <item identifier="PRESENTATION_GROUP_3235" identifierref="PRESENTATION_GROUP_3235_RESOURCE">
        <title>English I - Animals 08</title>
      </item>
      <item identifier="PRESENTATION_GROUP_3236" identifierref="PRESENTATION_GROUP_3236_RESOURCE">
        <title>English I - Animals 09</title>
      </item>
      <item identifier="PRESENTATION_GROUP_3237" identifierref="PRESENTATION_GROUP_3237_RESOURCE">
        <title>English I - Animals 10</title>
      </item>
      <item identifier="PRESENTATION_GROUP_3231" identifierref="PRESENTATION_GROUP_3231_RESOURCE">
        <title>English I - Animals 04</title>
      </item>
      <item identifier="PRESENTATION_GROUP_3238" identifierref="PRESENTATION_GROUP_3238_RESOURCE">
        <title> English 1 - Reading comprehension 01</title>
      </item>
      <item identifier="PRESENTATION_GROUP_3239" identifierref="PRESENTATION_GROUP_3239_RESOURCE">
        <title> English 1 - Reading comprehension 02</title>
      </item>
    </organization>
  </organizations>
  <resources>
    <resource identifier="PRESENTATION_GROUP_3244_RESOURCE" type="webcontent" href="excursion-3244.html" adlcp:scormType="sco">
      <file href="excursion-3244.html"/>
    </resource>
    <resource identifier="PRESENTATION_GROUP_3240_RESOURCE" type="webcontent" href="excursion-3240.html" adlcp:scormType="sco">
      <file href="excursion-3240.html"/>
    </resource>
    <resource identifier="PRESENTATION_GROUP_3242_RESOURCE" type="webcontent" href="excursion-3242.html" adlcp:scormType="sco">
      <file href="excursion-3242.html"/>
    </resource>
    <resource identifier="PRESENTATION_GROUP_3243_RESOURCE" type="webcontent" href="excursion-3243.html" adlcp:scormType="sco">
      <file href="excursion-3243.html"/>
    </resource>
    <resource identifier="PRESENTATION_GROUP_3241_RESOURCE" type="webcontent" href="excursion-3241.html" adlcp:scormType="sco">
      <file href="excursion-3241.html"/>
    </resource>
    <resource identifier="PRESENTATION_GROUP_3245_RESOURCE" type="webcontent" href="excursion-3245.html" adlcp:scormType="sco">
      <file href="excursion-3245.html"/>
    </resource>
    <resource identifier="PRESENTATION_GROUP_3246_RESOURCE" type="webcontent" href="excursion-3246.html" adlcp:scormType="sco">
      <file href="excursion-3246.html"/>
    </resource>
    <resource identifier="PRESENTATION_GROUP_3247_RESOURCE" type="webcontent" href="excursion-3247.html" adlcp:scormType="sco">
      <file href="excursion-3247.html"/>
    </resource>
    <resource identifier="PRESENTATION_GROUP_3228_RESOURCE" type="webcontent" href="excursion-3228.html" adlcp:scormType="sco">
      <file href="excursion-3228.html"/>
    </resource>
    <resource identifier="PRESENTATION_GROUP_3229_RESOURCE" type="webcontent" href="excursion-3229.html" adlcp:scormType="sco">
      <file href="excursion-3229.html"/>
    </resource>
    <resource identifier="PRESENTATION_GROUP_3230_RESOURCE" type="webcontent" href="excursion-3230.html" adlcp:scormType="sco">
      <file href="excursion-3230.html"/>
    </resource>
    <resource identifier="PRESENTATION_GROUP_3232_RESOURCE" type="webcontent" href="excursion-3232.html" adlcp:scormType="sco">
      <file href="excursion-3232.html"/>
    </resource>
    <resource identifier="PRESENTATION_GROUP_3233_RESOURCE" type="webcontent" href="excursion-3233.html" adlcp:scormType="sco">
      <file href="excursion-3233.html"/>
    </resource>
    <resource identifier="PRESENTATION_GROUP_3234_RESOURCE" type="webcontent" href="excursion-3234.html" adlcp:scormType="sco">
      <file href="excursion-3234.html"/>
    </resource>
    <resource identifier="PRESENTATION_GROUP_3235_RESOURCE" type="webcontent" href="excursion-3235.html" adlcp:scormType="sco">
      <file href="excursion-3235.html"/>
    </resource>
    <resource identifier="PRESENTATION_GROUP_3236_RESOURCE" type="webcontent" href="excursion-3236.html" adlcp:scormType="sco">
      <file href="excursion-3236.html"/>
    </resource>
    <resource identifier="PRESENTATION_GROUP_3237_RESOURCE" type="webcontent" href="excursion-3237.html" adlcp:scormType="sco">
      <file href="excursion-3237.html"/>
    </resource>
    <resource identifier="PRESENTATION_GROUP_3231_RESOURCE" type="webcontent" href="excursion-3231.html" adlcp:scormType="sco">
      <file href="excursion-3231.html"/>
    </resource>
    <resource identifier="PRESENTATION_GROUP_3238_RESOURCE" type="webcontent" href="excursion-3238.html" adlcp:scormType="sco">
      <file href="excursion-3238.html"/>
    </resource>
    <resource identifier="PRESENTATION_GROUP_3239_RESOURCE" type="webcontent" href="excursion-3239.html" adlcp:scormType="sco">
      <file href="excursion-3239.html"/>
    </resource>
  </resources>
</manifest>
