<?xml version="1.0" encoding="UTF-8"?>
<manifest identifier="VISH_PRESENTATION_GROUP_Category-292" version="1.3" xmlns="http://www.imsglobal.org/xsd/imscp_v1p1" xmlns:adlcp="http://www.adlnet.org/xsd/adlcp_v1p3" xmlns:adlseq="http://www.adlnet.org/xsd/adlseq_v1p3" xmlns:adlnav="http://www.adlnet.org/xsd/adlnav_v1p3" xmlns:imsss="http://www.imsglobal.org/xsd/imsss" xmlns:xsi="http://www.w3.org/2001/XMLSchema-instance" xsi:schemaLocation="http://www.imsglobal.org/xsd/imscp_v1p1 imscp_v1p1.xsd http://www.adlnet.org/xsd/adlcp_v1p3 adlcp_v1p3.xsd http://www.adlnet.org/xsd/adlseq_v1p3 adlseq_v1p3.xsd http://www.adlnet.org/xsd/adlnav_v1p3 adlnav_v1p3.xsd http://www.imsglobal.org/xsd/imsss imsss_v1p0.xsd">
  <metadata>
    <schema>ADL SCORM</schema>
    <schemaversion>2004 4th Edition</schemaversion>
  </metadata>
  <organizations default="defaultOrganization">
    <organization identifier="defaultOrganization">
      <title>Inglés</title>
      <item identifier="PRESENTATION_GROUP_3098" identifierref="PRESENTATION_GROUP_3098_RESOURCE">
        <title>Días de la semana en inglés 01</title>
      </item>
      <item identifier="PRESENTATION_GROUP_3116" identifierref="PRESENTATION_GROUP_3116_RESOURCE">
        <title>Días de la semana en inglés 02</title>
      </item>
      <item identifier="PRESENTATION_GROUP_3117" identifierref="PRESENTATION_GROUP_3117_RESOURCE">
        <title>Días de la semana en inglés 03</title>
      </item>
      <item identifier="PRESENTATION_GROUP_3118" identifierref="PRESENTATION_GROUP_3118_RESOURCE">
        <title> Lectura y comprensión en inglés 01</title>
      </item>
      <item identifier="PRESENTATION_GROUP_3096" identifierref="PRESENTATION_GROUP_3096_RESOURCE">
        <title> Lectura y comprensión en inglés 02</title>
      </item>
      <item identifier="PRESENTATION_GROUP_3099" identifierref="PRESENTATION_GROUP_3099_RESOURCE">
        <title>Animales en inglés 01</title>
      </item>
      <item identifier="PRESENTATION_GROUP_3122" identifierref="PRESENTATION_GROUP_3122_RESOURCE">
        <title>Animales en inglés 02</title>
      </item>
      <item identifier="PRESENTATION_GROUP_3123" identifierref="PRESENTATION_GROUP_3123_RESOURCE">
        <title>Animales en inglés 03</title>
      </item>
      <item identifier="PRESENTATION_GROUP_3124" identifierref="PRESENTATION_GROUP_3124_RESOURCE">
        <title>Animales en inglés 04</title>
      </item>
      <item identifier="PRESENTATION_GROUP_3125" identifierref="PRESENTATION_GROUP_3125_RESOURCE">
        <title>Animales en inglés 05</title>
      </item>
      <item identifier="PRESENTATION_GROUP_3126" identifierref="PRESENTATION_GROUP_3126_RESOURCE">
        <title>Animales en inglés 06</title>
      </item>
      <item identifier="PRESENTATION_GROUP_3160" identifierref="PRESENTATION_GROUP_3160_RESOURCE">
        <title>Animales en inglés 07</title>
      </item>
      <item identifier="PRESENTATION_GROUP_3161" identifierref="PRESENTATION_GROUP_3161_RESOURCE">
        <title>Animales en inglés 08</title>
      </item>
      <item identifier="PRESENTATION_GROUP_3163" identifierref="PRESENTATION_GROUP_3163_RESOURCE">
        <title>Animales en inglés 09</title>
      </item>
      <item identifier="PRESENTATION_GROUP_3162" identifierref="PRESENTATION_GROUP_3162_RESOURCE">
        <title>Animales en inglés 10</title>
      </item>
      <item identifier="PRESENTATION_GROUP_3094" identifierref="PRESENTATION_GROUP_3094_RESOURCE">
        <title>Colores en inglés 01</title>
      </item>
      <item identifier="PRESENTATION_GROUP_3113" identifierref="PRESENTATION_GROUP_3113_RESOURCE">
        <title>Colores en inglés 02</title>
      </item>
      <item identifier="PRESENTATION_GROUP_3114" identifierref="PRESENTATION_GROUP_3114_RESOURCE">
        <title>Colores en inglés 03</title>
      </item>
      <item identifier="PRESENTATION_GROUP_3115" identifierref="PRESENTATION_GROUP_3115_RESOURCE">
        <title>Colores en inglés 04</title>
      </item>
      <item identifier="PRESENTATION_GROUP_3097" identifierref="PRESENTATION_GROUP_3097_RESOURCE">
        <title>Partes de la cabeza en inglés</title>
      </item>
    </organization>
  </organizations>
  <resources>
    <resource identifier="PRESENTATION_GROUP_3098_RESOURCE" type="webcontent" href="excursion-3098.html" adlcp:scormType="sco">
      <file href="excursion-3098.html"/>
    </resource>
    <resource identifier="PRESENTATION_GROUP_3116_RESOURCE" type="webcontent" href="excursion-3116.html" adlcp:scormType="sco">
      <file href="excursion-3116.html"/>
    </resource>
    <resource identifier="PRESENTATION_GROUP_3117_RESOURCE" type="webcontent" href="excursion-3117.html" adlcp:scormType="sco">
      <file href="excursion-3117.html"/>
    </resource>
    <resource identifier="PRESENTATION_GROUP_3118_RESOURCE" type="webcontent" href="excursion-3118.html" adlcp:scormType="sco">
      <file href="excursion-3118.html"/>
    </resource>
    <resource identifier="PRESENTATION_GROUP_3096_RESOURCE" type="webcontent" href="excursion-3096.html" adlcp:scormType="sco">
      <file href="excursion-3096.html"/>
    </resource>
    <resource identifier="PRESENTATION_GROUP_3099_RESOURCE" type="webcontent" href="excursion-3099.html" adlcp:scormType="sco">
      <file href="excursion-3099.html"/>
    </resource>
    <resource identifier="PRESENTATION_GROUP_3122_RESOURCE" type="webcontent" href="excursion-3122.html" adlcp:scormType="sco">
      <file href="excursion-3122.html"/>
    </resource>
    <resource identifier="PRESENTATION_GROUP_3123_RESOURCE" type="webcontent" href="excursion-3123.html" adlcp:scormType="sco">
      <file href="excursion-3123.html"/>
    </resource>
    <resource identifier="PRESENTATION_GROUP_3124_RESOURCE" type="webcontent" href="excursion-3124.html" adlcp:scormType="sco">
      <file href="excursion-3124.html"/>
    </resource>
    <resource identifier="PRESENTATION_GROUP_3125_RESOURCE" type="webcontent" href="excursion-3125.html" adlcp:scormType="sco">
      <file href="excursion-3125.html"/>
    </resource>
    <resource identifier="PRESENTATION_GROUP_3126_RESOURCE" type="webcontent" href="excursion-3126.html" adlcp:scormType="sco">
      <file href="excursion-3126.html"/>
    </resource>
    <resource identifier="PRESENTATION_GROUP_3160_RESOURCE" type="webcontent" href="excursion-3160.html" adlcp:scormType="sco">
      <file href="excursion-3160.html"/>
    </resource>
    <resource identifier="PRESENTATION_GROUP_3161_RESOURCE" type="webcontent" href="excursion-3161.html" adlcp:scormType="sco">
      <file href="excursion-3161.html"/>
    </resource>
    <resource identifier="PRESENTATION_GROUP_3163_RESOURCE" type="webcontent" href="excursion-3163.html" adlcp:scormType="sco">
      <file href="excursion-3163.html"/>
    </resource>
    <resource identifier="PRESENTATION_GROUP_3162_RESOURCE" type="webcontent" href="excursion-3162.html" adlcp:scormType="sco">
      <file href="excursion-3162.html"/>
    </resource>
    <resource identifier="PRESENTATION_GROUP_3094_RESOURCE" type="webcontent" href="excursion-3094.html" adlcp:scormType="sco">
      <file href="excursion-3094.html"/>
    </resource>
    <resource identifier="PRESENTATION_GROUP_3113_RESOURCE" type="webcontent" href="excursion-3113.html" adlcp:scormType="sco">
      <file href="excursion-3113.html"/>
    </resource>
    <resource identifier="PRESENTATION_GROUP_3114_RESOURCE" type="webcontent" href="excursion-3114.html" adlcp:scormType="sco">
      <file href="excursion-3114.html"/>
    </resource>
    <resource identifier="PRESENTATION_GROUP_3115_RESOURCE" type="webcontent" href="excursion-3115.html" adlcp:scormType="sco">
      <file href="excursion-3115.html"/>
    </resource>
    <resource identifier="PRESENTATION_GROUP_3097_RESOURCE" type="webcontent" href="excursion-3097.html" adlcp:scormType="sco">
      <file href="excursion-3097.html"/>
    </resource>
  </resources>
</manifest>
