<?xml version="1.0" encoding="UTF-8"?>
<manifest identifier="VISH_PRESENTATION_GROUP_Category-295" version="1.3" xmlns="http://www.imsglobal.org/xsd/imscp_v1p1" xmlns:adlcp="http://www.adlnet.org/xsd/adlcp_v1p3" xmlns:adlseq="http://www.adlnet.org/xsd/adlseq_v1p3" xmlns:adlnav="http://www.adlnet.org/xsd/adlnav_v1p3" xmlns:imsss="http://www.imsglobal.org/xsd/imsss" xmlns:xsi="http://www.w3.org/2001/XMLSchema-instance" xsi:schemaLocation="http://www.imsglobal.org/xsd/imscp_v1p1 imscp_v1p1.xsd http://www.adlnet.org/xsd/adlcp_v1p3 adlcp_v1p3.xsd http://www.adlnet.org/xsd/adlseq_v1p3 adlseq_v1p3.xsd http://www.adlnet.org/xsd/adlnav_v1p3 adlnav_v1p3.xsd http://www.imsglobal.org/xsd/imsss imsss_v1p0.xsd">
  <metadata>
    <schema>ADL SCORM</schema>
    <schemaversion>2004 4th Edition</schemaversion>
  </metadata>
  <organizations default="defaultOrganization">
    <organization identifier="defaultOrganization">
      <title>Matemáticas</title>
      <item identifier="PRESENTATION_GROUP_3128" identifierref="PRESENTATION_GROUP_3128_RESOURCE">
        <title>Multiplicaciones 01</title>
      </item>
      <item identifier="PRESENTATION_GROUP_3149" identifierref="PRESENTATION_GROUP_3149_RESOURCE">
        <title>Multiplicaciones 02</title>
      </item>
      <item identifier="PRESENTATION_GROUP_3151" identifierref="PRESENTATION_GROUP_3151_RESOURCE">
        <title>Multiplicaciones 03</title>
      </item>
      <item identifier="PRESENTATION_GROUP_3155" identifierref="PRESENTATION_GROUP_3155_RESOURCE">
        <title>Matemáticas sumas y restas (ordenar mayor a menor) 01</title>
      </item>
      <item identifier="PRESENTATION_GROUP_3154" identifierref="PRESENTATION_GROUP_3154_RESOURCE">
        <title>Matemáticas sumas y restas (ordenar mayor a menor) 02</title>
      </item>
      <item identifier="PRESENTATION_GROUP_3153" identifierref="PRESENTATION_GROUP_3153_RESOURCE">
        <title>Operación matemática 02</title>
      </item>
      <item identifier="PRESENTATION_GROUP_3152" identifierref="PRESENTATION_GROUP_3152_RESOURCE">
        <title>Operación matemática 01</title>
      </item>
    </organization>
  </organizations>
  <resources>
    <resource identifier="PRESENTATION_GROUP_3128_RESOURCE" type="webcontent" href="excursion-3128.html" adlcp:scormType="sco">
      <file href="excursion-3128.html"/>
    </resource>
    <resource identifier="PRESENTATION_GROUP_3149_RESOURCE" type="webcontent" href="excursion-3149.html" adlcp:scormType="sco">
      <file href="excursion-3149.html"/>
    </resource>
    <resource identifier="PRESENTATION_GROUP_3151_RESOURCE" type="webcontent" href="excursion-3151.html" adlcp:scormType="sco">
      <file href="excursion-3151.html"/>
    </resource>
    <resource identifier="PRESENTATION_GROUP_3155_RESOURCE" type="webcontent" href="excursion-3155.html" adlcp:scormType="sco">
      <file href="excursion-3155.html"/>
    </resource>
    <resource identifier="PRESENTATION_GROUP_3154_RESOURCE" type="webcontent" href="excursion-3154.html" adlcp:scormType="sco">
      <file href="excursion-3154.html"/>
    </resource>
    <resource identifier="PRESENTATION_GROUP_3153_RESOURCE" type="webcontent" href="excursion-3153.html" adlcp:scormType="sco">
      <file href="excursion-3153.html"/>
    </resource>
    <resource identifier="PRESENTATION_GROUP_3152_RESOURCE" type="webcontent" href="excursion-3152.html" adlcp:scormType="sco">
      <file href="excursion-3152.html"/>
    </resource>
  </resources>
</manifest>
