<?xml version="1.0" encoding="UTF-8"?>
<manifest identifier="VISH_PRESENTATION_GROUP_Category-310" version="1.3" xmlns="http://www.imsglobal.org/xsd/imscp_v1p1" xmlns:adlcp="http://www.adlnet.org/xsd/adlcp_v1p3" xmlns:adlseq="http://www.adlnet.org/xsd/adlseq_v1p3" xmlns:adlnav="http://www.adlnet.org/xsd/adlnav_v1p3" xmlns:imsss="http://www.imsglobal.org/xsd/imsss" xmlns:xsi="http://www.w3.org/2001/XMLSchema-instance" xsi:schemaLocation="http://www.imsglobal.org/xsd/imscp_v1p1 imscp_v1p1.xsd http://www.adlnet.org/xsd/adlcp_v1p3 adlcp_v1p3.xsd http://www.adlnet.org/xsd/adlseq_v1p3 adlseq_v1p3.xsd http://www.adlnet.org/xsd/adlnav_v1p3 adlnav_v1p3.xsd http://www.imsglobal.org/xsd/imsss imsss_v1p0.xsd">
  <metadata>
    <schema>ADL SCORM</schema>
    <schemaversion>2004 4th Edition</schemaversion>
  </metadata>
  <organizations default="defaultOrganization">
    <organization identifier="defaultOrganization">
      <title>Matematicas 1</title>
      <item identifier="PRESENTATION_GROUP_3220" identifierref="PRESENTATION_GROUP_3220_RESOURCE">
        <title>M1 - Multiplicaciones 01</title>
      </item>
      <item identifier="PRESENTATION_GROUP_3221" identifierref="PRESENTATION_GROUP_3221_RESOURCE">
        <title>M1 - Multiplicaciones 02</title>
      </item>
      <item identifier="PRESENTATION_GROUP_3222" identifierref="PRESENTATION_GROUP_3222_RESOURCE">
        <title>M1 - Multiplicaciones 03</title>
      </item>
      <item identifier="PRESENTATION_GROUP_3223" identifierref="PRESENTATION_GROUP_3223_RESOURCE">
        <title>M1 - Operación matemática 01</title>
      </item>
      <item identifier="PRESENTATION_GROUP_3224" identifierref="PRESENTATION_GROUP_3224_RESOURCE">
        <title>M1 - Operación matemática 02</title>
      </item>
      <item identifier="PRESENTATION_GROUP_3225" identifierref="PRESENTATION_GROUP_3225_RESOURCE">
        <title>M1 - Sumas y restas 01</title>
      </item>
      <item identifier="PRESENTATION_GROUP_3226" identifierref="PRESENTATION_GROUP_3226_RESOURCE">
        <title>M1 - Sumas y restas 02</title>
      </item>
    </organization>
  </organizations>
  <resources>
    <resource identifier="PRESENTATION_GROUP_3220_RESOURCE" type="webcontent" href="excursion-3220.html" adlcp:scormType="sco">
      <file href="excursion-3220.html"/>
    </resource>
    <resource identifier="PRESENTATION_GROUP_3221_RESOURCE" type="webcontent" href="excursion-3221.html" adlcp:scormType="sco">
      <file href="excursion-3221.html"/>
    </resource>
    <resource identifier="PRESENTATION_GROUP_3222_RESOURCE" type="webcontent" href="excursion-3222.html" adlcp:scormType="sco">
      <file href="excursion-3222.html"/>
    </resource>
    <resource identifier="PRESENTATION_GROUP_3223_RESOURCE" type="webcontent" href="excursion-3223.html" adlcp:scormType="sco">
      <file href="excursion-3223.html"/>
    </resource>
    <resource identifier="PRESENTATION_GROUP_3224_RESOURCE" type="webcontent" href="excursion-3224.html" adlcp:scormType="sco">
      <file href="excursion-3224.html"/>
    </resource>
    <resource identifier="PRESENTATION_GROUP_3225_RESOURCE" type="webcontent" href="excursion-3225.html" adlcp:scormType="sco">
      <file href="excursion-3225.html"/>
    </resource>
    <resource identifier="PRESENTATION_GROUP_3226_RESOURCE" type="webcontent" href="excursion-3226.html" adlcp:scormType="sco">
      <file href="excursion-3226.html"/>
    </resource>
  </resources>
</manifest>
