[
    {
        "id": 1,
        "title": "Damage",
        "type": "damage",
        "description": "Event triggered on receiving damage",
        "frequency": "skill-dependent_high"
    },{
        "id": 2,
        "title": "Power up",
        "type": "reward",
        "description": "Event triggered on picking up a power up",
        "frequency": "high"
    },{
        "id": 3,
        "title": "Void",
        "type": "damage",
        "description": "Event triggered on falling to void",
        "frequency": "skill-dependent_medium"
    }
]