<?xml version="1.0" encoding="UTF-8"?>
<manifest identifier="VISH_PRESENTATION_GROUP_Category-294" version="1.3" xmlns="http://www.imsglobal.org/xsd/imscp_v1p1" xmlns:adlcp="http://www.adlnet.org/xsd/adlcp_v1p3" xmlns:adlseq="http://www.adlnet.org/xsd/adlseq_v1p3" xmlns:adlnav="http://www.adlnet.org/xsd/adlnav_v1p3" xmlns:imsss="http://www.imsglobal.org/xsd/imsss" xmlns:xsi="http://www.w3.org/2001/XMLSchema-instance" xsi:schemaLocation="http://www.imsglobal.org/xsd/imscp_v1p1 imscp_v1p1.xsd http://www.adlnet.org/xsd/adlcp_v1p3 adlcp_v1p3.xsd http://www.adlnet.org/xsd/adlseq_v1p3 adlseq_v1p3.xsd http://www.adlnet.org/xsd/adlnav_v1p3 adlnav_v1p3.xsd http://www.imsglobal.org/xsd/imsss imsss_v1p0.xsd">
  <metadata>
    <schema>ADL SCORM</schema>
    <schemaversion>2004 4th Edition</schemaversion>
  </metadata>
  <organizations default="defaultOrganization">
    <organization identifier="defaultOrganization">
      <title>Reciclaje</title>
      <item identifier="PRESENTATION_GROUP_3156" identifierref="PRESENTATION_GROUP_3156_RESOURCE">
        <title>Reciclaje 07</title>
      </item>
      <item identifier="PRESENTATION_GROUP_3157" identifierref="PRESENTATION_GROUP_3157_RESOURCE">
        <title>Reciclaje 08</title>
      </item>
      <item identifier="PRESENTATION_GROUP_3158" identifierref="PRESENTATION_GROUP_3158_RESOURCE">
        <title>Reciclaje 09</title>
      </item>
      <item identifier="PRESENTATION_GROUP_3127" identifierref="PRESENTATION_GROUP_3127_RESOURCE">
        <title>Reciclaje 06</title>
      </item>
      <item identifier="PRESENTATION_GROUP_3101" identifierref="PRESENTATION_GROUP_3101_RESOURCE">
        <title>Reciclaje 01</title>
      </item>
      <item identifier="PRESENTATION_GROUP_3108" identifierref="PRESENTATION_GROUP_3108_RESOURCE">
        <title>Reciclaje 05</title>
      </item>
      <item identifier="PRESENTATION_GROUP_3107" identifierref="PRESENTATION_GROUP_3107_RESOURCE">
        <title>Reciclaje 04</title>
      </item>
      <item identifier="PRESENTATION_GROUP_3159" identifierref="PRESENTATION_GROUP_3159_RESOURCE">
        <title>Reciclaje 10</title>
      </item>
      <item identifier="PRESENTATION_GROUP_3106" identifierref="PRESENTATION_GROUP_3106_RESOURCE">
        <title>Reciclaje 02</title>
      </item>
      <item identifier="PRESENTATION_GROUP_3105" identifierref="PRESENTATION_GROUP_3105_RESOURCE">
        <title>Reciclaje 03</title>
      </item>
    </organization>
  </organizations>
  <resources>
    <resource identifier="PRESENTATION_GROUP_3156_RESOURCE" type="webcontent" href="excursion-3156.html" adlcp:scormType="sco">
      <file href="excursion-3156.html"/>
    </resource>
    <resource identifier="PRESENTATION_GROUP_3157_RESOURCE" type="webcontent" href="excursion-3157.html" adlcp:scormType="sco">
      <file href="excursion-3157.html"/>
    </resource>
    <resource identifier="PRESENTATION_GROUP_3158_RESOURCE" type="webcontent" href="excursion-3158.html" adlcp:scormType="sco">
      <file href="excursion-3158.html"/>
    </resource>
    <resource identifier="PRESENTATION_GROUP_3127_RESOURCE" type="webcontent" href="excursion-3127.html" adlcp:scormType="sco">
      <file href="excursion-3127.html"/>
    </resource>
    <resource identifier="PRESENTATION_GROUP_3101_RESOURCE" type="webcontent" href="excursion-3101.html" adlcp:scormType="sco">
      <file href="excursion-3101.html"/>
    </resource>
    <resource identifier="PRESENTATION_GROUP_3108_RESOURCE" type="webcontent" href="excursion-3108.html" adlcp:scormType="sco">
      <file href="excursion-3108.html"/>
    </resource>
    <resource identifier="PRESENTATION_GROUP_3107_RESOURCE" type="webcontent" href="excursion-3107.html" adlcp:scormType="sco">
      <file href="excursion-3107.html"/>
    </resource>
    <resource identifier="PRESENTATION_GROUP_3159_RESOURCE" type="webcontent" href="excursion-3159.html" adlcp:scormType="sco">
      <file href="excursion-3159.html"/>
    </resource>
    <resource identifier="PRESENTATION_GROUP_3106_RESOURCE" type="webcontent" href="excursion-3106.html" adlcp:scormType="sco">
      <file href="excursion-3106.html"/>
    </resource>
    <resource identifier="PRESENTATION_GROUP_3105_RESOURCE" type="webcontent" href="excursion-3105.html" adlcp:scormType="sco">
      <file href="excursion-3105.html"/>
    </resource>
  </resources>
</manifest>
