<?xml version="1.0" encoding="UTF-8"?>
<manifest identifier="VISH_PRESENTATION_GROUP_Category-308" version="1.3" xmlns="http://www.imsglobal.org/xsd/imscp_v1p1" xmlns:adlcp="http://www.adlnet.org/xsd/adlcp_v1p3" xmlns:adlseq="http://www.adlnet.org/xsd/adlseq_v1p3" xmlns:adlnav="http://www.adlnet.org/xsd/adlnav_v1p3" xmlns:imsss="http://www.imsglobal.org/xsd/imsss" xmlns:xsi="http://www.w3.org/2001/XMLSchema-instance" xsi:schemaLocation="http://www.imsglobal.org/xsd/imscp_v1p1 imscp_v1p1.xsd http://www.adlnet.org/xsd/adlcp_v1p3 adlcp_v1p3.xsd http://www.adlnet.org/xsd/adlseq_v1p3 adlseq_v1p3.xsd http://www.adlnet.org/xsd/adlnav_v1p3 adlnav_v1p3.xsd http://www.imsglobal.org/xsd/imsss imsss_v1p0.xsd">
  <metadata>
    <schema>ADL SCORM</schema>
    <schemaversion>2004 4th Edition</schemaversion>
  </metadata>
  <organizations default="defaultOrganization">
    <organization identifier="defaultOrganization">
      <title>Reciclaje</title>
      <item identifier="PRESENTATION_GROUP_3192" identifierref="PRESENTATION_GROUP_3192_RESOURCE">
        <title>Reciclaje 01</title>
      </item>
      <item identifier="PRESENTATION_GROUP_3193" identifierref="PRESENTATION_GROUP_3193_RESOURCE">
        <title>Reciclaje 02</title>
      </item>
      <item identifier="PRESENTATION_GROUP_3194" identifierref="PRESENTATION_GROUP_3194_RESOURCE">
        <title>Reciclaje 03</title>
      </item>
      <item identifier="PRESENTATION_GROUP_3195" identifierref="PRESENTATION_GROUP_3195_RESOURCE">
        <title>Reciclaje 04</title>
      </item>
      <item identifier="PRESENTATION_GROUP_3196" identifierref="PRESENTATION_GROUP_3196_RESOURCE">
        <title>Reciclaje 05</title>
      </item>
      <item identifier="PRESENTATION_GROUP_3197" identifierref="PRESENTATION_GROUP_3197_RESOURCE">
        <title>Reciclaje 06</title>
      </item>
      <item identifier="PRESENTATION_GROUP_3198" identifierref="PRESENTATION_GROUP_3198_RESOURCE">
        <title>Reciclaje 07</title>
      </item>
      <item identifier="PRESENTATION_GROUP_3199" identifierref="PRESENTATION_GROUP_3199_RESOURCE">
        <title>Reciclaje 08</title>
      </item>
      <item identifier="PRESENTATION_GROUP_3200" identifierref="PRESENTATION_GROUP_3200_RESOURCE">
        <title>Reciclaje 09</title>
      </item>
      <item identifier="PRESENTATION_GROUP_3201" identifierref="PRESENTATION_GROUP_3201_RESOURCE">
        <title>Reciclaje 10</title>
      </item>
    </organization>
  </organizations>
  <resources>
    <resource identifier="PRESENTATION_GROUP_3192_RESOURCE" type="webcontent" href="excursion-3192.html" adlcp:scormType="sco">
      <file href="excursion-3192.html"/>
    </resource>
    <resource identifier="PRESENTATION_GROUP_3193_RESOURCE" type="webcontent" href="excursion-3193.html" adlcp:scormType="sco">
      <file href="excursion-3193.html"/>
    </resource>
    <resource identifier="PRESENTATION_GROUP_3194_RESOURCE" type="webcontent" href="excursion-3194.html" adlcp:scormType="sco">
      <file href="excursion-3194.html"/>
    </resource>
    <resource identifier="PRESENTATION_GROUP_3195_RESOURCE" type="webcontent" href="excursion-3195.html" adlcp:scormType="sco">
      <file href="excursion-3195.html"/>
    </resource>
    <resource identifier="PRESENTATION_GROUP_3196_RESOURCE" type="webcontent" href="excursion-3196.html" adlcp:scormType="sco">
      <file href="excursion-3196.html"/>
    </resource>
    <resource identifier="PRESENTATION_GROUP_3197_RESOURCE" type="webcontent" href="excursion-3197.html" adlcp:scormType="sco">
      <file href="excursion-3197.html"/>
    </resource>
    <resource identifier="PRESENTATION_GROUP_3198_RESOURCE" type="webcontent" href="excursion-3198.html" adlcp:scormType="sco">
      <file href="excursion-3198.html"/>
    </resource>
    <resource identifier="PRESENTATION_GROUP_3199_RESOURCE" type="webcontent" href="excursion-3199.html" adlcp:scormType="sco">
      <file href="excursion-3199.html"/>
    </resource>
    <resource identifier="PRESENTATION_GROUP_3200_RESOURCE" type="webcontent" href="excursion-3200.html" adlcp:scormType="sco">
      <file href="excursion-3200.html"/>
    </resource>
    <resource identifier="PRESENTATION_GROUP_3201_RESOURCE" type="webcontent" href="excursion-3201.html" adlcp:scormType="sco">
      <file href="excursion-3201.html"/>
    </resource>
  </resources>
</manifest>
